Date,Count,Cells Quantified,Brightness List,Bright Field Area,Signal Area,Total Brightness,Median Cell Brightness,90% Confidence Interval,Percent Positive,Percent Positive Scaled,Total Brightness per Signal Area,experiment_id
2026-04-30 13:05:39.593719,347,"[  1   2   3   4   5   6   7   8   9  10  11  12  13  14  15  16  17  18
  19  20  21  22  23  24  25  26  27  28  29  30  31  32  33  34  35  36
  37  38  39  40  41  42  43  44  45  46  47  48  49  50  51  52  53  54
  55  56  57  58  59  60  61  62  63  64  65  66  67  68  69  70  71  72
  73  74  75  76  77  78  79  80  81  82  83  84  85  86  87  88  89  90
  91  92  93  94  95  96  97  98  99 100 101 102 103 104 105 106 107 108
 109 110 111 112 113 114 115 116 117 118 119 120 121 122 123 124 125 126
 127 128 129 130 131 132 133 134 135 136 137 138 139 140 141 142 143 144
 145 146 147 148 149 150 151 152 153 154 155 156 157 158 159 160 161 162
 163 164 165 166 167 168 169 170 171 172 173 174 175 176 177 178 179 180
 181 182 183 184 185 186 187 188 189 190 191 192 193 194 195 196 197 198
 199 200 201 202 203 204 205 206 207 208 209 210 211 212 213 214 215 216
 217 218 219 220 221 222 223 224 225 226 227 228 229 230 231 232 233 234
 235 236 237 238 239 240 241 242 243 244 245 246 247 248 249 250 251 252
 253 254 255 256 257 258 259 260 261 262 263 264 265 266 267 268 269 270
 271 272 273 274 275 276 277 278 279 280 281 282 283 284 285 286 287 288
 289 290 291 292 293 294 295 296 297 298 299 300 301 302 303 304 305 306
 307 308 309 310 311 312 313 314 315 316 317 318 319 320 321 322 323 324
 325 326 327 328 329 330 331 332 333 334 335 336 337 338 339 340 341 342
 343 344 345 346 347]","{'1': np.float64(0.1259426847662142), '2': np.float64(0.11067538126361656), '3': np.float64(0.3007689350249903), '4': np.float64(0.20082226438962675), '5': np.float64(0.16655462184873945), '6': np.float64(0.21637426900584794), '7': np.float64(0.19537037037037036), '8': np.float64(0.2793763288447909), '9': np.float64(0.23750865051903108), '10': np.float64(0.19142156862745097), '11': np.float64(0.2567595459236326), '12': np.float64(0.15064742878283385), '13': np.float64(0.34873440285205004), '14': np.float64(0.28348187759952465), '15': np.float64(0.25947038609258133), '16': np.float64(0.2714031066972243), '17': np.float64(0.21643323996265168), '18': np.float64(0.27219708396178977), '19': np.float64(0.15652173913043477), '20': np.float64(0.17037037037037034), '21': np.float64(0.10256410256410256), '22': np.float64(0.12214251554280249), '23': np.float64(0.10285714285714286), '24': np.float64(0.1364110201042442), '25': np.float64(0.09772549019607842), '26': np.float64(0.28198814409484724), '27': np.float64(0.13689370485036118), '28': np.float64(0.2800356506238859), '29': np.float64(0.08758169934640524), '30': np.float64(0.19823529411764704), '31': np.float64(0.16887883358471592), '32': np.float64(0.10666666666666667), '33': np.float64(0.16134453781512603), '34': np.float64(0.1), '35': np.float64(0.13238095238095235), '36': np.float64(0.10024509803921569), '37': np.float64(0.08872549019607842), '38': np.float64(0.08784313725490196), '39': np.float64(0.11064425770308126), '40': np.float64(0.15792094615624022), '41': np.float64(0.18373856209150324), '42': np.float64(0.15044563279857395), '43': np.float64(0.10128205128205127), '44': np.float64(0.13639538006983615), '45': np.float64(0.13201039451925348), '46': np.float64(0.10618401206636502), '47': np.float64(0.19159663865546217), '48': np.float64(0.08752228163992869), '49': np.float64(0.1468539654667837), '50': np.float64(0.17410519763460935), '51': np.float64(0.14471677559912852), '52': np.float64(0.15521155830753355), '53': np.float64(0.11417550626808097), '54': np.float64(0.09411764705882351), '55': np.float64(0.19764011799410028), '56': np.float64(0.3106054100472305), '57': np.float64(0.1608519269776876), '58': np.float64(0.2840474461389494), '59': np.float64(0.12480818414322245), '60': np.float64(0.09834087481146307), '61': np.float64(0.12445820433436534), '62': np.float64(0.12470588235294114), '63': np.float64(0.19046967624259004), '64': np.float64(0.18755171793488035), '65': np.float64(0.11231774761186522), '66': np.float64(0.10484429065743944), '67': np.float64(0.1698101462807345), '68': np.float64(0.4409821586292175), '69': np.float64(0.13327566320645903), '70': np.float64(0.12700822264389627), '71': np.float64(0.2613988879133743), '72': np.float64(0.11503267973856204), '73': np.float64(0.14238310708898944), '74': np.float64(0.19800809212573917), '75': np.float64(0.3121762285160978), '76': np.float64(0.20177696078431373), '77': np.float64(0.2291316526610644), '78': np.float64(0.09170437405731525), '79': np.float64(0.20544662309368195), '80': np.float64(0.1866346538615446), '81': np.float64(0.1809954751131221), '82': np.float64(0.18859180035650622), '83': np.float64(0.1607843137254902), '84': np.float64(0.1728804197735432), '85': np.float64(0.13037794828076155), '86': np.float64(0.10357554786620529), '87': np.float64(0.15361897845557973), '88': np.float64(0.12497868712702469), '89': np.float64(0.15485838779956423), '90': np.float64(0.21228373702422143), '91': np.float64(0.11775910364145654), '92': np.float64(0.15346795434591745), '93': np.float64(0.23115864527629232), '94': np.float64(0.1294760527161684), '95': np.float64(0.14822200066467264), '96': np.float64(0.1592869875222816), '97': np.float64(0.23623819898329698), '98': np.float64(0.262528948587309), '99': np.float64(0.11711229946524065), '100': np.float64(0.13174197215117928), '101': np.float64(0.2602099425628837), '102': np.float64(0.2236962870254484), '103': np.float64(0.3223942208462332), '104': np.float64(0.11568627450980393), '105': np.float64(0.0896358543417367), '106': np.float64(0.2077639136462666), '107': np.float64(0.16662106703146373), '108': np.float64(0.19019607843137254), '109': np.float64(0.10228758169934642), '110': np.float64(0.08291316526610644), '111': np.float64(0.08431372549019607), '112': np.float64(0.178549492085991), '113': np.float64(0.13842686499887308), '114': np.float64(0.19066937119675456), '115': np.float64(0.1451814768460575), '116': np.float64(0.16888320545609548), '117': np.float64(0.1361750497300369), '118': np.float64(0.24694677871148452), '119': np.float64(0.17125212289640263), '120': np.float64(0.16059757236227823), '121': np.float64(0.18678286129266522), '122': np.float64(0.14847994243568988), '123': np.float64(0.13422459893048125), '124': np.float64(0.08912655971479501), '125': np.float64(0.09066666666666669), '126': np.float64(0.1777911164465786), '127': np.float64(0.12542986425339367), '128': np.float64(0.3417473318441301), '129': np.float64(0.1367843137254902), '130': np.float64(0.10011534025374856), '131': np.float64(0.11544117647058824), '132': np.float64(0.15182072829131651), '133': np.float64(0.0996078431372549), '134': np.float64(0.18943240454076363), '135': np.float64(0.11145098039215684), '136': np.float64(0.09940323955669228), '137': np.float64(0.11173147224991689), '138': np.float64(0.19623849539815927), '139': np.float64(0.18693977591036415), '140': np.float64(0.1230659536541889), '141': np.float64(0.11890756302521009), '142': np.float64(0.12147742818057454), '143': np.float64(0.09673202614379085), '144': np.float64(0.16226293796207006), '145': np.float64(0.1520972946140481), '146': np.float64(0.1665838166252416), '147': np.float64(0.18690702087286523), '148': np.float64(0.18385772913816686), '149': np.float64(0.13984461709211987), '150': np.float64(0.1510737628384687), '151': np.float64(0.15663865546218483), '152': np.float64(0.1557828928672918), '153': np.float64(0.16496163682864448), '154': np.float64(0.1007843137254902), '155': np.float64(0.12776057791537665), '156': np.float64(0.10010319917440662), '157': np.float64(0.11245363010068893), '158': np.float64(0.1783719548425431), '159': np.float64(0.19613071895424833), '160': np.float64(0.11514161220043571), '161': np.float64(0.12121212121212119), '162': np.float64(0.22935819136397725), '163': np.float64(0.20312665606783253), '164': np.float64(0.14738074334211296), '165': np.float64(0.2113165266106442), '166': np.float64(0.289810350369656), '167': np.float64(0.16428571428571428), '168': np.float64(0.11152296535052376), '169': np.float64(0.19083778966131906), '170': np.float64(0.3639386189258312), '171': np.float64(0.3015593639030416), '172': np.float64(0.1405924071756362), '173': np.float64(0.2108703130374957), '174': np.float64(0.2200517943026267), '175': np.float64(0.0995896032831737), '176': np.float64(0.093815987933635), '177': np.float64(0.09058823529411765), '178': np.float64(0.258881199538639), '179': np.float64(0.2661683457913552), '180': np.float64(0.24858387799564272), '181': np.float64(0.16586171310629513), '182': np.float64(0.12751423149905122), '183': np.float64(0.1549745824255628), '184': np.float64(0.2204081632653061), '185': np.float64(0.1330373658897521), '186': np.float64(0.0964705882352941), '187': np.float64(0.09869281045751634), '188': np.float64(0.2469582704876822), '189': np.float64(0.17761194029850744), '190': np.float64(0.10789915966386555), '191': np.float64(0.27485080988917304), '192': np.float64(0.126354270521768), '193': np.float64(0.1690821256038647), '194': np.float64(0.17176470588235287), '195': np.float64(0.20068990559186636), '196': np.float64(0.11160130718954249), '197': np.float64(0.23090569561157798), '198': np.float64(0.09447415329768272), '199': np.float64(0.1626818469323213), '200': np.float64(0.08710010319917438), '201': np.float64(0.23884967320261438), '202': np.float64(0.09102167182662538), '203': np.float64(0.22431372549019604), '204': np.float64(0.09434832756632064), '205': np.float64(0.15942028985507242), '206': np.float64(0.12613045218087235), '207': np.float64(0.12504624491305955), '208': np.float64(0.1390128465179175), '209': np.float64(0.1390128465179175), '210': np.float64(0.11508951406649617), '211': np.float64(0.13174708085481385), '212': np.float64(0.12644087938205584), '213': np.float64(0.14940533590485372), '214': np.float64(0.17697893972403772), '215': np.float64(0.1411764705882353), '216': np.float64(0.14080882352941176), '217': np.float64(0.27314181486548106), '218': np.float64(0.13381492948056414), '219': np.float64(0.13738562091503267), '220': np.float64(0.10433749257278668), '221': np.float64(0.08888888888888889), '222': np.float64(0.11686274509803918), '223': np.float64(0.21473559120617944), '224': np.float64(0.13503514613392525), '225': np.float64(0.12796132151490733), '226': np.float64(0.08770053475935828), '227': np.float64(0.10575980392156861), '228': np.float64(0.09934640522875819), '229': np.float64(0.09264705882352942), '230': np.float64(0.11754107048224692), '231': np.float64(0.11389599317988061), '232': np.float64(0.11720142602495541), '233': np.float64(0.08673587081891579), '234': np.float64(0.10921198668146502), '235': np.float64(0.20273972602739726), '236': np.float64(0.11297455152273671), '237': np.float64(0.12733564013840828), '238': np.float64(0.12045654082528531), '239': np.float64(0.12711801701812797), '240': np.float64(0.11954248366013069), '241': np.float64(0.3002959674435812), '242': np.float64(0.12352941176470585), '243': np.float64(0.20329411764705882), '244': np.float64(0.15623023402909547), '245': np.float64(0.11530920060331822), '246': np.float64(0.4034277414669571), '247': np.float64(0.2199142156862745), '248': np.float64(0.15274831243972997), '249': np.float64(0.14283815221003654), '250': np.float64(0.09230769230769233), '251': np.float64(0.21263616557734208), '252': np.float64(0.15147790459467367), '253': np.float64(0.09735720375106567), '254': np.float64(0.12737254901960782), '255': np.float64(0.3135387488328665), '256': np.float64(0.0784313725490196), '257': np.float64(0.10053475935828877), '258': np.float64(0.21800720288115244), '259': np.float64(0.09050980392156864), '260': np.float64(0.10177404295051354), '261': np.float64(0.17084967320261438), '262': np.float64(0.10382352941176469), '263': np.float64(0.32077677224736045), '264': np.float64(0.19626517273576088), '265': np.float64(0.3440345629777335), '266': np.float64(0.21596638655462183), '267': np.float64(0.12109167991520933), '268': np.float64(0.30742166025288625), '269': np.float64(0.2727032385988103), '270': np.float64(0.11348781937017231), '271': np.float64(0.09796078431372546), '272': np.float64(0.13790849673202613), '273': np.float64(0.11680672268907559), '274': np.float64(0.07647058823529412), '275': np.float64(0.09273356401384084), '276': np.float64(0.38894830659536545), '277': np.float64(0.09019607843137253), '278': np.float64(0.09596309111880044), '279': np.float64(0.15301960784313723), '280': np.float64(0.20440251572327045), '281': np.float64(0.15958605664488018), '282': np.float64(0.09215686274509806), '283': np.float64(0.07529411764705883), '284': np.float64(0.11362493715434888), '285': np.float64(0.14142947501581277), '286': np.float64(0.17802768166089966), '287': np.float64(0.08648090815273478), '288': np.float64(0.16327419856831615), '289': np.float64(0.08604382929642444), '290': np.float64(0.07843137254901959), '291': np.float64(0.09019607843137255), '292': np.float64(0.16430707876370884), '293': np.float64(0.1128627450980392), '294': np.float64(0.17771836007130126), '295': np.float64(0.253184248906174), '296': np.float64(0.09763353617308992), '297': np.float64(0.19334655210398768), '298': np.float64(0.1761689291101056), '299': np.float64(0.11063348416289591), '300': np.float64(0.16475960247112542), '301': np.float64(0.10640522875816998), '302': np.float64(0.0738562091503268), '303': np.float64(0.10817790530846486), '304': np.float64(0.11696504688832052), '305': np.float64(0.1277941176470588), '306': np.float64(0.23542483660130717), '307': np.float64(0.1950010773540185), '308': np.float64(0.08518518518518518), '309': np.float64(0.09344151453684925), '310': np.float64(0.14845938375350137), '311': np.float64(0.2405120725976341), '312': np.float64(0.14410044719642245), '313': np.float64(0.08011204481792718), '314': np.float64(0.09912102772143341), '315': np.float64(0.17690631808278862), '316': np.float64(0.15129664769133458), '317': np.float64(0.1218487394957983), '318': np.float64(0.3218920557913887), '319': np.float64(0.31305704099821746), '320': np.float64(0.24298346789696268), '321': np.float64(0.20081699346405227), '322': np.float64(0.277807486631016), '323': np.float64(0.08627450980392157), '324': np.float64(0.09696078431372548), '325': np.float64(0.1869747899159664), '326': np.float64(0.08452012383900931), '327': np.float64(0.25722904546433956), '328': np.float64(0.343235294117647), '329': np.float64(0.182895285773884), '330': np.float64(0.13250148544266188), '331': np.float64(0.17294685990338163), '332': np.float64(0.09644153957879448), '333': np.float64(0.086797385620915), '334': np.float64(0.12320261437908492), '335': np.float64(0.1898206090947017), '336': np.float64(0.08932461873638342), '337': np.float64(0.27508261731658956), '338': np.float64(0.08907563025210084), '339': np.float64(0.13086220789685735), '340': np.float64(0.08284313725490196), '341': np.float64(0.18285714285714283), '342': np.float64(0.1646688864224935), '343': np.float64(0.1027450980392157), '344': np.float64(0.14730392156862746), '345': np.float64(0.10718954248366014), '346': np.float64(0.08039215686274509), '347': np.float64(0.11100217864923748)}",157069,20898,3961.321568627449,0.14471677559912852,"[np.float64(0.08722675673140068), np.float64(0.30062704475056756)]",13.304980613615673,6.652490306807836,0.18955505639905487,1
2026-04-30 13:05:40.872469,94,"[ 1  2  3  4  5  6  7  8  9 10 11 12 13 14 15 16 17 18 19 20 21 22 23 24
 25 26 27 28 29 30 31 32 33 34 35 36 37 38 39 40 41 42 43 44 45 46 47 48
 49 50 51 52 53 54 55 56 57 58 59 60 61 62 63 64 65 66 67 68 69 70 71 72
 73 74 75 76 77 78 79 80 81 82 83 84 85 86 87 88 89 90 91 92 93 94]","{'1': np.float64(0.05740228977497039), '2': np.float64(0.05591206179441474), '3': np.float64(0.10362213851057667), '4': np.float64(0.06669352672575879), '5': np.float64(0.06759852455833817), '6': np.float64(0.07946623093681916), '7': np.float64(0.032492997198879554), '8': np.float64(0.047754959972154544), '9': np.float64(0.05615982241953384), '10': np.float64(0.049498224486645044), '11': np.float64(0.1944557133198107), '12': np.float64(0.14641621354424122), '13': np.float64(0.13557791537667696), '14': np.float64(0.11787114845938376), '15': np.float64(0.14998898435778804), '16': np.float64(0.12745098039215685), '17': np.float64(0.040082079343365246), '18': np.float64(0.10753676470588235), '19': np.float64(0.08526610644257704), '20': np.float64(0.09030676786843769), '21': np.float64(0.07331932773109244), '22': np.float64(0.09803921568627451), '23': np.float64(0.12446717817561807), '24': np.float64(0.05529693891945268), '25': np.float64(0.11628651460584234), '26': np.float64(0.06076887447892542), '27': np.float64(0.050156862745098035), '28': np.float64(0.05306372549019608), '29': np.float64(0.07752434307056155), '30': np.float64(0.06658141517476555), '31': np.float64(0.1523030907278166), '32': np.float64(0.05159846547314578), '33': np.float64(0.06511682517318304), '34': np.float64(0.041276171485543356), '35': np.float64(0.14260469619946745), '36': np.float64(0.09599010775481362), '37': np.float64(0.08486115258286056), '38': np.float64(0.09127343244990303), '39': np.float64(0.11272587466359091), '40': np.float64(0.09210386857445681), '41': np.float64(0.12370141038871689), '42': np.float64(0.10401493930905696), '43': np.float64(0.08483521068001668), '44': np.float64(0.04374482187241093), '45': np.float64(0.16725680563487533), '46': np.float64(0.05907817672523555), '47': np.float64(0.032071937055076806), '48': np.float64(0.13772852136023492), '49': np.float64(0.09454033110250087), '50': np.float64(0.12141612200435731), '51': np.float64(0.15492045874953755), '52': np.float64(0.045429080723198366), '53': np.float64(0.04928104575163397), '54': np.float64(0.08512241054613935), '55': np.float64(0.10077614379084966), '56': np.float64(0.04105131414267835), '57': np.float64(0.04305555555555555), '58': np.float64(0.07071339173967459), '59': np.float64(0.07461437908496732), '60': np.float64(0.05809238949817214), '61': np.float64(0.04766214177978882), '62': np.float64(0.03165775401069518), '63': np.float64(0.06100932176149147), '64': np.float64(0.1129158760278305), '65': np.float64(0.025234441602728055), '66': np.float64(0.05954592363261093), '67': np.float64(0.04376869391824526), '68': np.float64(0.029668916747026677), '69': np.float64(0.049346405228758175), '70': np.float64(0.05706558485463151), '71': np.float64(0.024546114742193172), '72': np.float64(0.1130718954248366), '73': np.float64(0.03339275103980986), '74': np.float64(0.04050802139037433), '75': np.float64(0.05227956213160109), '76': np.float64(0.13236348302761966), '77': np.float64(0.03405069344811095), '78': np.float64(0.032352941176470584), '79': np.float64(0.05049570389953734), '80': np.float64(0.06625386996904024), '81': np.float64(0.05769109782950614), '82': np.float64(0.029924585218702865), '83': np.float64(0.11844234197175374), '84': np.float64(0.027886710239651415), '85': np.float64(0.025980392156862746), '86': np.float64(0.08610276227279233), '87': np.float64(0.06122782446311857), '88': np.float64(0.04150588235294117), '89': np.float64(0.054486540378863406), '90': np.float64(0.036702836474395574), '91': np.float64(0.10832113940103405), '92': np.float64(0.0864722359532048), '93': np.float64(0.12832146311439374), '94': np.float64(0.07526242820360468)}",79278,12017,1054.6313725490197,0.0664176425719029,"[np.float64(0.0298351012536162), np.float64(0.14766668332898258)]",15.158051414011453,7.5790257070057265,0.08776161875251891,2
2026-04-30 13:05:42.388621,977,"[  1   2   3   4   5   6   7   8   9  10  11  12  13  14  15  16  17  18
  19  20  21  22  23  24  25  26  27  28  29  30  31  32  33  34  35  36
  37  38  39  40  41  42  43  44  45  46  47  48  49  50  51  52  53  54
  55  56  57  58  59  60  61  62  63  64  65  66  67  68  69  70  71  72
  73  74  75  76  77  78  79  80  81  82  83  84  85  86  87  88  89  90
  91  92  93  94  95  96  97  98  99 100 101 102 103 104 105 106 107 108
 109 110 111 112 113 114 115 116 117 118 119 120 121 122 123 124 125 126
 127 128 129 130 131 132 133 134 135 136 137 138 139 140 141 142 143 144
 145 146 147 148 149 150 151 152 153 154 155 156 157 158 159 160 161 162
 163 164 165 166 167 168 169 170 171 172 173 174 175 176 177 178 179 180
 181 182 183 184 185 186 187 188 189 190 191 192 193 194 195 196 197 198
 199 200 201 202 203 204 205 206 207 208 209 210 211 212 213 214 215 216
 217 218 219 220 221 222 223 224 225 226 227 228 229 230 231 232 233 234
 235 236 237 238 239 240 241 242 243 244 245 246 247 248 249 250 251 252
 253 254 255 256 257 258 259 260 261 262 263 264 265 266 267 268 269 270
 271 272 273 274 275 276 277 278 279 280 281 282 283 284 285 286 287 288
 289 290 291 292 293 294 295 296 297 298 299 300 301 302 303 304 305 306
 307 308 309 310 311 312 313 314 315 316 317 318 319 320 321 322 323 324
 325 326 327 328 329 330 331 332 333 334 335 336 337 338 339 340 341 342
 343 344 345 346 347 348 349 350 351 352 353 354 355 356 357 358 359 360
 361 362 363 364 365 366 367 368 369 370 371 372 373 374 375 376 377 378
 379 380 381 382 383 384 385 386 387 388 389 390 391 392 393 394 395 396
 397 398 399 400 401 402 403 404 405 406 407 408 409 410 411 412 413 414
 415 416 417 418 419 420 421 422 423 424 425 426 427 428 429 430 431 432
 433 434 435 436 437 438 439 440 441 442 443 444 445 446 447 448 449 450
 451 452 453 454 455 456 457 458 459 460 461 462 463 464 465 466 467 468
 469 470 471 472 473 474 475 476 477 478 479 480 481 482 483 484 485 486
 487 488 489 490 491 492 493 494 495 496 497 498 499 500 501 502 503 504
 505 506 507 508 509 510 511 512 513 514 515 516 517 518 519 520 521 522
 523 524 525 526 527 528 529 530 531 532 533 534 535 536 537 538 539 540
 541 542 543 544 545 546 547 548 549 550 551 552 553 554 555 556 557 558
 559 560 561 562 563 564 565 566 567 568 569 570 571 572 573 574 575 576
 577 578 579 580 581 582 583 584 585 586 587 588 589 590 591 592 593 594
 595 596 597 598 599 600 601 602 603 604 605 606 607 608 609 610 611 612
 613 614 615 616 617 618 619 620 621 622 623 624 625 626 627 628 629 630
 631 632 633 634 635 636 637 638 639 640 641 642 643 644 645 646 647 648
 649 650 651 652 653 654 655 656 657 658 659 660 661 662 663 664 665 666
 667 668 669 670 671 672 673 674 675 676 677 678 679 680 681 682 683 684
 685 686 687 688 689 690 691 692 693 694 695 696 697 698 699 700 701 702
 703 704 705 706 707 708 709 710 711 712 713 714 715 716 717 718 719 720
 721 722 723 724 725 726 727 728 729 730 731 732 733 734 735 736 737 738
 739 740 741 742 743 744 745 746 747 748 749 750 751 752 753 754 755 756
 757 758 759 760 761 762 763 764 765 766 767 768 769 770 771 772 773 774
 775 776 777 778 779 780 781 782 783 784 785 786 787 788 789 790 791 792
 793 794 795 796 797 798 799 800 801 802 803 804 805 806 807 808 809 810
 811 812 813 814 815 816 817 818 819 820 821 822 823 824 825 826 827 828
 829 830 831 832 833 834 835 836 837 838 839 840 841 842 843 844 845 846
 847 848 849 850 851 852 853 854 855 856 857 858 859 860 861 862 863 864
 865 866 867 868 869 870 871 872 873 874 875 876 877 878 879 880 881 882
 883 884 885 886 887 888 889 890 891 892 893 894 895 896 897 898 899 900
 901 902 903 904 905 906 907 908 909 910 911 912 913 914 915 916 917 918
 919 920 921 922 923 924 925 926 927 928 929 930 931 932 933 934 935 936
 937 938 939 940 941 942 943 944 945 946 947 948 949 950 951 952 953 954
 955 956 957 958 959 960 961 962 963 964 965 966 967 968 969 970 971 972
 973 974 975 976 977]","{'1': np.float64(0.5377254901960784), '2': np.float64(0.4489262371615312), '3': np.float64(0.7689851616322205), '4': np.float64(0.8254789594921064), '5': np.float64(0.8086274509803919), '6': np.float64(0.6066993464052287), '7': np.float64(0.6390017825311942), '8': np.float64(0.7296181630546955), '9': np.float64(0.40196078431372556), '10': np.float64(0.45045751633986936), '11': np.float64(0.6369921164342026), '12': np.float64(0.7521599264705883), '13': np.float64(0.6972630718954248), '14': np.float64(0.7794326241134751), '15': np.float64(0.659508247743542), '16': np.float64(0.6244858919177426), '17': np.float64(0.3865098039215686), '18': np.float64(0.6423782416192283), '19': np.float64(0.8114527629233511), '20': np.float64(0.6943093681917213), '21': np.float64(0.7639369473279509), '22': np.float64(0.7447162935970849), '23': np.float64(0.4154901960784314), '24': np.float64(0.6362459546925566), '25': np.float64(0.8065761689291101), '26': np.float64(0.5718020541549953), '27': np.float64(0.7357100415923945), '28': np.float64(0.7757033248081839), '29': np.float64(0.5893815987933635), '30': np.float64(0.5117303061575507), '31': np.float64(0.40112044817927167), '32': np.float64(0.7615357520253611), '33': np.float64(0.6370520622041921), '34': np.float64(0.5897698209718669), '35': np.float64(0.7910090865614537), '36': np.float64(0.3860962566844919), '37': np.float64(0.808930938342703), '38': np.float64(0.7494306019350973), '39': np.float64(0.7553242835595776), '40': np.float64(0.6998999599839937), '41': np.float64(0.7822676896845695), '42': np.float64(0.7169529758806177), '43': np.float64(0.75703081232493), '44': np.float64(0.5481691471769431), '45': np.float64(0.5867344468651658), '46': np.float64(0.5538266919671094), '47': np.float64(0.8087185944714277), '48': np.float64(0.7050557477893119), '49': np.float64(0.5258064516129031), '50': np.float64(0.8000335176805763), '51': np.float64(0.3803921568627451), '52': np.float64(0.6893246187363835), '53': np.float64(0.7402992776057792), '54': np.float64(0.42165387894288153), '55': np.float64(0.7549321266968325), '56': np.float64(0.5041542040545031), '57': np.float64(0.7773219814241487), '58': np.float64(0.7633840052875083), '59': np.float64(0.6129465484824066), '60': np.float64(0.5699095022624433), '61': np.float64(0.7118347338935573), '62': np.float64(0.7455540355677155), '63': np.float64(0.4969448244414044), '64': np.float64(0.7710010319917442), '65': np.float64(0.457142857142857), '66': np.float64(0.7978376397287887), '67': np.float64(0.40058823529411763), '68': np.float64(0.523660130718954), '69': np.float64(0.6212636165577341), '70': np.float64(0.5103921568627451), '71': np.float64(0.6592092574734811), '72': np.float64(0.5009803921568627), '73': np.float64(0.7929539295392953), '74': np.float64(0.7836437908496732), '75': np.float64(0.8078073238427792), '76': np.float64(0.6090120663650076), '77': np.float64(0.4322638146167559), '78': np.float64(0.42393509127789036), '79': np.float64(0.6280734516028635), '80': np.float64(0.8042997909823828), '81': np.float64(0.481590413943355), '82': np.float64(0.4270453008789723), '83': np.float64(0.7733104892442414), '84': np.float64(0.5145098039215685), '85': np.float64(0.47912341407151093), '86': np.float64(0.6023116615067079), '87': np.float64(0.7907819225251076), '88': np.float64(0.3799019607843137), '89': np.float64(0.46775263951734536), '90': np.float64(0.42829888712241654), '91': np.float64(0.592156862745098), '92': np.float64(0.812938508736828), '93': np.float64(0.7982829888712242), '94': np.float64(0.629075630252101), '95': np.float64(0.3784313725490196), '96': np.float64(0.7638424177010255), '97': np.float64(0.7399908800729594), '98': np.float64(0.6922689075630252), '99': np.float64(0.7908019655550785), '100': np.float64(0.7792156862745098), '101': np.float64(0.7288041977354321), '102': np.float64(0.445016339869281), '103': np.float64(0.689678948502478), '104': np.float64(0.528627450980392), '105': np.float64(0.8026070763500932), '106': np.float64(0.5014492753623188), '107': np.float64(0.5548619447779112), '108': np.float64(0.484386347131445), '109': np.float64(0.6170188463735008), '110': np.float64(0.5436007130124775), '111': np.float64(0.46769865841073255), '112': np.float64(0.7750059059768484), '113': np.float64(0.7950724637681158), '114': np.float64(0.553781512605042), '115': np.float64(0.7511123680241328), '116': np.float64(0.7812707596699884), '117': np.float64(0.8093605281308504), '118': np.float64(0.7654985398414687), '119': np.float64(0.8074285220696208), '120': np.float64(0.47202295552367285), '121': np.float64(0.5201680672268908), '122': np.float64(0.7287508261731659), '123': np.float64(0.7842131724484666), '124': np.float64(0.7717922256621949), '125': np.float64(0.774164705882353), '126': np.float64(0.5444444444444444), '127': np.float64(0.7522345875287053), '128': np.float64(0.7520226108461402), '129': np.float64(0.7783062161034627), '130': np.float64(0.5212226066897347), '131': np.float64(0.5398348813209494), '132': np.float64(0.788267176789415), '133': np.float64(0.7856850715746421), '134': np.float64(0.7873926430076164), '135': np.float64(0.3896358543417367), '136': np.float64(0.7703125), '137': np.float64(0.4733746130030958), '138': np.float64(0.6446524064171123), '139': np.float64(0.4598555211558307), '140': np.float64(0.8010674092122055), '141': np.float64(0.7288807189542483), '142': np.float64(0.40970072239422084), '143': np.float64(0.8024288425047438), '144': np.float64(0.7950523578607069), '145': np.float64(0.4880174291938996), '146': np.float64(0.7885154061624648), '147': np.float64(0.36274509803921573), '148': np.float64(0.7509176470588235), '149': np.float64(0.39337390128465183), '150': np.float64(0.41613876319758675), '151': np.float64(0.6972048393825616), '152': np.float64(0.7759692004655744), '153': np.float64(0.7786185013424457), '154': np.float64(0.585515496521189), '155': np.float64(0.6913438546150167), '156': np.float64(0.44617985125084514), '157': np.float64(0.819233746130031), '158': np.float64(0.47833333333333333), '159': np.float64(0.5258549931600547), '160': np.float64(0.760573476702509), '161': np.float64(0.7937254901960784), '162': np.float64(0.7761204481792718), '163': np.float64(0.7604663487016429), '164': np.float64(0.3848039215686274), '165': np.float64(0.5006274509803921), '166': np.float64(0.5339275103980986), '167': np.float64(0.7799958281184816), '168': np.float64(0.37254901960784315), '169': np.float64(0.8260079789491555), '170': np.float64(0.6669281045751635), '171': np.float64(0.7471764705882351), '172': np.float64(0.5815126050420167), '173': np.float64(0.7168384879725086), '174': np.float64(0.6986383442265796), '175': np.float64(0.7897368612872658), '176': np.float64(0.7923202614379086), '177': np.float64(0.6752941176470588), '178': np.float64(0.6564338235294118), '179': np.float64(0.7142156862745098), '180': np.float64(0.751525054466231), '181': np.float64(0.5118431372549019), '182': np.float64(0.7323839009287926), '183': np.float64(0.5332877336981305), '184': np.float64(0.37254901960784315), '185': np.float64(0.591704374057315), '186': np.float64(0.7446623093681917), '187': np.float64(0.6658823529411764), '188': np.float64(0.40130718954248373), '189': np.float64(0.38779956427015244), '190': np.float64(0.7807305663382105), '191': np.float64(0.4814302191464821), '192': np.float64(0.7227071473750788), '193': np.float64(0.7040127678978569), '194': np.float64(0.7441252469980241), '195': np.float64(0.8211310275183035), '196': np.float64(0.6087263734322559), '197': np.float64(0.4074303405572756), '198': np.float64(0.38612368024132715), '199': np.float64(0.4105392156862745), '200': np.float64(0.5314578005115088), '201': np.float64(0.7783394607843137), '202': np.float64(0.6977432482426933), '203': np.float64(0.6893557422969189), '204': np.float64(0.7699643493761141), '205': np.float64(0.6977499196399871), '206': np.float64(0.5224736048265459), '207': np.float64(0.6982933914306463), '208': np.float64(0.5346973572037509), '209': np.float64(0.7733808674985145), '210': np.float64(0.8020308123249299), '211': np.float64(0.78553696708041), '212': np.float64(0.5129603060736488), '213': np.float64(0.4357843137254902), '214': np.float64(0.6889705882352941), '215': np.float64(0.7161946259985477), '216': np.float64(0.7875993640699521), '217': np.float64(0.7937862468931235), '218': np.float64(0.7577711310512906), '219': np.float64(0.7833501400560223), '220': np.float64(0.7613672496025436), '221': np.float64(0.7238390092879257), '222': np.float64(0.6921332388377038), '223': np.float64(0.7552203787497905), '224': np.float64(0.736950314106225), '225': np.float64(0.7725748194014448), '226': np.float64(0.37960784313725493), '227': np.float64(0.7816032295271049), '228': np.float64(0.7359803921568628), '229': np.float64(0.4312537136066548), '230': np.float64(0.4752100840336134), '231': np.float64(0.6521375763420122), '232': np.float64(0.7527832609553889), '233': np.float64(0.5091655266757864), '234': np.float64(0.4897292250233426), '235': np.float64(0.3761904761904762), '236': np.float64(0.8010361335169519), '237': np.float64(0.7885398819722065), '238': np.float64(0.4451436388508891), '239': np.float64(0.5614153707459996), '240': np.float64(0.8068264342774146), '241': np.float64(0.48709617180205417), '242': np.float64(0.5947926711668273), '243': np.float64(0.40420168067226897), '244': np.float64(0.7791069368924041), '245': np.float64(0.5818940342094283), '246': np.float64(0.5461300309597523), '247': np.float64(0.46554621848739497), '248': np.float64(0.7752355487649605), '249': np.float64(0.39411764705882346), '250': np.float64(0.704400871459695), '251': np.float64(0.7853169174646603), '252': np.float64(0.4278749337572867), '253': np.float64(0.44643137254901966), '254': np.float64(0.7958842943117841), '255': np.float64(0.4463046757164405), '256': np.float64(0.7537184243066598), '257': np.float64(0.7710284113645458), '258': np.float64(0.45257806826434277), '259': np.float64(0.8242030554553109), '260': np.float64(0.5915196078431373), '261': np.float64(0.6632648240018899), '262': np.float64(0.7483727511623206), '263': np.float64(0.5641887524240465), '264': np.float64(0.4674136321195144), '265': np.float64(0.8171630677587491), '266': np.float64(0.8013940459904892), '267': np.float64(0.4694677871148459), '268': np.float64(0.7993406212042338), '269': np.float64(0.3673202614379085), '270': np.float64(0.419838523644752), '271': np.float64(0.8087705352411235), '272': np.float64(0.7459653092006033), '273': np.float64(0.36960784313725487), '274': np.float64(0.3803921568627451), '275': np.float64(0.48923959827833574), '276': np.float64(0.3635854341736695), '277': np.float64(0.7271049596309113), '278': np.float64(0.4227621483375958), '279': np.float64(0.5300501595987231), '280': np.float64(0.4218487394957983), '281': np.float64(0.43848039215686274), '282': np.float64(0.6336601307189542), '283': np.float64(0.4134803921568627), '284': np.float64(0.403921568627451), '285': np.float64(0.7454901960784315), '286': np.float64(0.7801787381619314), '287': np.float64(0.8015976761074798), '288': np.float64(0.7167945439045184), '289': np.float64(0.47577854671280273), '290': np.float64(0.40862745098039227), '291': np.float64(0.3680464778503995), '292': np.float64(0.6791160908807967), '293': np.float64(0.7732277526395173), '294': np.float64(0.5396514161220042), '295': np.float64(0.6167497507477566), '296': np.float64(0.787023172905526), '297': np.float64(0.48070175438596463), '298': np.float64(0.4367465504720407), '299': np.float64(0.7392156862745098), '300': np.float64(0.78708372237784), '301': np.float64(0.3561807331628302), '302': np.float64(0.626270293063462), '303': np.float64(0.5241830065359477), '304': np.float64(0.7685036119711042), '305': np.float64(0.4655637254901961), '306': np.float64(0.800670794633643), '307': np.float64(0.46884531590413947), '308': np.float64(0.6948472412220702), '309': np.float64(0.4999405822935233), '310': np.float64(0.4942132950741272), '311': np.float64(0.7071691176470588), '312': np.float64(0.5135387488328664), '313': np.float64(0.5399046104928458), '314': np.float64(0.7439950980392158), '315': np.float64(0.7178804855275442), '316': np.float64(0.7742055442866802), '317': np.float64(0.47291666666666665), '318': np.float64(0.6935767410412441), '319': np.float64(0.413562091503268), '320': np.float64(0.7540010598834128), '321': np.float64(0.4319917440660475), '322': np.float64(0.6644817927170871), '323': np.float64(0.48569353667392867), '324': np.float64(0.7157550739594084), '325': np.float64(0.42176470588235293), '326': np.float64(0.4159239453357101), '327': np.float64(0.37411764705882355), '328': np.float64(0.41675579322638145), '329': np.float64(0.6883092859785425), '330': np.float64(0.6149365628604382), '331': np.float64(0.7709911361804996), '332': np.float64(0.5011956001912959), '333': np.float64(0.7797752808988765), '334': np.float64(0.7159184726522188), '335': np.float64(0.3972766884531591), '336': np.float64(0.5108159392789374), '337': np.float64(0.7754426042261565), '338': np.float64(0.3466666666666666), '339': np.float64(0.685307547676605), '340': np.float64(0.44440227703984825), '341': np.float64(0.4014565826330533), '342': np.float64(0.7413537166278943), '343': np.float64(0.5968374446552814), '344': np.float64(0.7158169934640523), '345': np.float64(0.7612288640152417), '346': np.float64(0.7614447884416925), '347': np.float64(0.3631975867269985), '348': np.float64(0.8096760443307758), '349': np.float64(0.5565636424061151), '350': np.float64(0.7631997726626882), '351': np.float64(0.46199095022624437), '352': np.float64(0.724467178175618), '353': np.float64(0.3703703703703704), '354': np.float64(0.7476659699412761), '355': np.float64(0.48316993464052294), '356': np.float64(0.7812066365007542), '357': np.float64(0.785327464319061), '358': np.float64(0.7298380221653877), '359': np.float64(0.6771057718862193), '360': np.float64(0.8039215686274509), '361': np.float64(0.5039718451483155), '362': np.float64(0.5751400560224089), '363': np.float64(0.5538638985005768), '364': np.float64(0.6587028657616892), '365': np.float64(0.4151260504201681), '366': np.float64(0.451336898395722), '367': np.float64(0.6214233841684822), '368': np.float64(0.7332431823304033), '369': np.float64(0.5658942364824717), '370': np.float64(0.6055222088835533), '371': np.float64(0.7865284974093265), '372': np.float64(0.7098615916955017), '373': np.float64(0.7624367986188185), '374': np.float64(0.46055631554947546), '375': np.float64(0.5978823529411763), '376': np.float64(0.3931372549019607), '377': np.float64(0.7519063180827887), '378': np.float64(0.7726737338044758), '379': np.float64(0.41613876319758675), '380': np.float64(0.3903743315508022), '381': np.float64(0.5411764705882353), '382': np.float64(0.7834263632460283), '383': np.float64(0.7523881347410759), '384': np.float64(0.3862745098039216), '385': np.float64(0.777098718275189), '386': np.float64(0.7643367935409457), '387': np.float64(0.7049808429118775), '388': np.float64(0.7539993775287895), '389': np.float64(0.3673202614379085), '390': np.float64(0.5169246646026833), '391': np.float64(0.4944117647058824), '392': np.float64(0.34325259515570933), '393': np.float64(0.4475490196078431), '394': np.float64(0.7543083288361218), '395': np.float64(0.44518329070758744), '396': np.float64(0.7698340874811463), '397': np.float64(0.7524078431372547), '398': np.float64(0.5011935208866153), '399': np.float64(0.7493022434198907), '400': np.float64(0.3969834087481146), '401': np.float64(0.7501803921568628), '402': np.float64(0.7422237076648841), '403': np.float64(0.6685421994884911), '404': np.float64(0.6217468805704099), '405': np.float64(0.7193674889310563), '406': np.float64(0.5601499423298731), '407': np.float64(0.7742962531547272), '408': np.float64(0.6417147251057286), '409': np.float64(0.8156673297338259), '410': np.float64(0.5182189542483661), '411': np.float64(0.7758169934640523), '412': np.float64(0.7039745627980923), '413': np.float64(0.7692138537658053), '414': np.float64(0.7548202614379086), '415': np.float64(0.7515477256892605), '416': np.float64(0.7357441337190614), '417': np.float64(0.7773579504794619), '418': np.float64(0.4251739405439596), '419': np.float64(0.7253034547152193), '420': np.float64(0.5371861025111799), '421': np.float64(0.7819917440660475), '422': np.float64(0.388235294117647), '423': np.float64(0.4929292929292929), '424': np.float64(0.4732330141358868), '425': np.float64(0.526470588235294), '426': np.float64(0.6240096038415366), '427': np.float64(0.40470588235294114), '428': np.float64(0.40994397759103646), '429': np.float64(0.6714596949891067), '430': np.float64(0.784201680672269), '431': np.float64(0.5226815050344463), '432': np.float64(0.4821568627450981), '433': np.float64(0.6169411764705882), '434': np.float64(0.5534883720930232), '435': np.float64(0.7795577805590321), '436': np.float64(0.6295187165775401), '437': np.float64(0.730081300813008), '438': np.float64(0.7598327566320646), '439': np.float64(0.4941176470588234), '440': np.float64(0.496470588235294), '441': np.float64(0.7756387403446228), '442': np.float64(0.5855050881111938), '443': np.float64(0.663814616755793), '444': np.float64(0.7599854756717502), '445': np.float64(0.3666666666666666), '446': np.float64(0.6711111111111111), '447': np.float64(0.5649411764705882), '448': np.float64(0.7700685093314434), '449': np.float64(0.5627450980392157), '450': np.float64(0.7421994884910488), '451': np.float64(0.4471620227038183), '452': np.float64(0.49183600713012465), '453': np.float64(0.5068092691622101), '454': np.float64(0.49172644667623144), '455': np.float64(0.48023143683702985), '456': np.float64(0.5571363429092566), '457': np.float64(0.790596901744123), '458': np.float64(0.6793725490196079), '459': np.float64(0.5306288032454362), '460': np.float64(0.5557544757033247), '461': np.float64(0.590017825311943), '462': np.float64(0.4981068289384718), '463': np.float64(0.6857592672105339), '464': np.float64(0.5362962962962962), '465': np.float64(0.7803425167535368), '466': np.float64(0.6179962395917271), '467': np.float64(0.46515151515151504), '468': np.float64(0.7576984892317583), '469': np.float64(0.3895875591615957), '470': np.float64(0.4629084967320261), '471': np.float64(0.4907563025210084), '472': np.float64(0.4668119099491649), '473': np.float64(0.3740573152337857), '474': np.float64(0.6979882862235803), '475': np.float64(0.6575163398692809), '476': np.float64(0.7691760642080666), '477': np.float64(0.7158823529411764), '478': np.float64(0.5446691176470588), '479': np.float64(0.5637254901960784), '480': np.float64(0.47982289690069585), '481': np.float64(0.761576685468708), '482': np.float64(0.7929128277817151), '483': np.float64(0.8100910657149889), '484': np.float64(0.5706252312245651), '485': np.float64(0.41050980392156866), '486': np.float64(0.7907216494845362), '487': np.float64(0.4397216951296648), '488': np.float64(0.5835595776772247), '489': np.float64(0.4496025437201908), '490': np.float64(0.6520864756158874), '491': np.float64(0.6808166565595309), '492': np.float64(0.7088111193844626), '493': np.float64(0.6657179000632512), '494': np.float64(0.8009079118028534), '495': np.float64(0.7909700722394222), '496': np.float64(0.7609548167092924), '497': np.float64(0.8236227824463119), '498': np.float64(0.5963398692810457), '499': np.float64(0.48248366013071897), '500': np.float64(0.6932126696832579), '501': np.float64(0.6653594771241831), '502': np.float64(0.48141517476555823), '503': np.float64(0.44759358288770057), '504': np.float64(0.700204858062628), '505': np.float64(0.7929411764705884), '506': np.float64(0.4543572984749455), '507': np.float64(0.6701619778346121), '508': np.float64(0.3784313725490196), '509': np.float64(0.5439881613022567), '510': np.float64(0.7189542483660131), '511': np.float64(0.42211764705882354), '512': np.float64(0.4679939668174962), '513': np.float64(0.8111295222314279), '514': np.float64(0.4155709342560554), '515': np.float64(0.3651416122004358), '516': np.float64(0.48649237472766865), '517': np.float64(0.5736519607843137), '518': np.float64(0.5378787878787877), '519': np.float64(0.695392156862745), '520': np.float64(0.47139959432048684), '521': np.float64(0.7249077848961367), '522': np.float64(0.3601651186790505), '523': np.float64(0.48132094943240433), '524': np.float64(0.7944842977841544), '525': np.float64(0.3831202046035806), '526': np.float64(0.783915596695531), '527': np.float64(0.6579131652661064), '528': np.float64(0.5290196078431373), '529': np.float64(0.47464503042596345), '530': np.float64(0.512237998647735), '531': np.float64(0.6992513368983958), '532': np.float64(0.7904411764705882), '533': np.float64(0.7931821094450854), '534': np.float64(0.4180995475113122), '535': np.float64(0.6497580850522027), '536': np.float64(0.4497948016415867), '537': np.float64(0.5702989392478303), '538': np.float64(0.7915535444947212), '539': np.float64(0.6726034858387799), '540': np.float64(0.47472766884531575), '541': np.float64(0.5512941176470588), '542': np.float64(0.541398446170921), '543': np.float64(0.7113725490196079), '544': np.float64(0.7592557789889118), '545': np.float64(0.7112702472293265), '546': np.float64(0.46291938997821336), '547': np.float64(0.4280451574569222), '548': np.float64(0.7297990801258776), '549': np.float64(0.7566109012412304), '550': np.float64(0.3446078431372549), '551': np.float64(0.636313725490196), '552': np.float64(0.7755354449472097), '553': np.float64(0.4660633484162896), '554': np.float64(0.643956043956044), '555': np.float64(0.48022875816993466), '556': np.float64(0.8014843320505771), '557': np.float64(0.5198529411764706), '558': np.float64(0.6143929912390488), '559': np.float64(0.6698292220113852), '560': np.float64(0.48924731182795683), '561': np.float64(0.5034509803921569), '562': np.float64(0.42521008403361343), '563': np.float64(0.6773398019001413), '564': np.float64(0.7404040404040405), '565': np.float64(0.7610657660193264), '566': np.float64(0.4729244889445139), '567': np.float64(0.47488931056293493), '568': np.float64(0.5491129785247432), '569': np.float64(0.530739064856712), '570': np.float64(0.789434245035594), '571': np.float64(0.5049773755656107), '572': np.float64(0.4368627450980393), '573': np.float64(0.4347338935574231), '574': np.float64(0.43799019607843137), '575': np.float64(0.7367363474315346), '576': np.float64(0.5464052287581699), '577': np.float64(0.7388052895576835), '578': np.float64(0.6993837535014006), '579': np.float64(0.7721362229102168), '580': np.float64(0.7958314034275127), '581': np.float64(0.5627450980392156), '582': np.float64(0.7721677559912854), '583': np.float64(0.5294934640522876), '584': np.float64(0.6423902894491129), '585': np.float64(0.5328173374613002), '586': np.float64(0.7920079424174734), '587': np.float64(0.6017668605903901), '588': np.float64(0.5897818282242475), '589': np.float64(0.4818120351588912), '590': np.float64(0.7560678325384208), '591': np.float64(0.8257640486362142), '592': np.float64(0.7200900032144006), '593': np.float64(0.7427068388330943), '594': np.float64(0.7632754741240759), '595': np.float64(0.5598402323892521), '596': np.float64(0.4490196078431373), '597': np.float64(0.4013071895424836), '598': np.float64(0.7232067510548523), '599': np.float64(0.603832442067736), '600': np.float64(0.728933524629364), '601': np.float64(0.7480538484050337), '602': np.float64(0.3537254901960784), '603': np.float64(0.41031227305737095), '604': np.float64(0.401659125188537), '605': np.float64(0.7520855614973262), '606': np.float64(0.8077890466531441), '607': np.float64(0.7575056252009), '608': np.float64(0.7442401960784314), '609': np.float64(0.731219362745098), '610': np.float64(0.6579474342928662), '611': np.float64(0.4989106753812636), '612': np.float64(0.3928921568627451), '613': np.float64(0.5020460358056265), '614': np.float64(0.7939781770448766), '615': np.float64(0.5225193107546048), '616': np.float64(0.624340770791075), '617': np.float64(0.3921568627450979), '618': np.float64(0.5715458276333788), '619': np.float64(0.7936807883775272), '620': np.float64(0.39284890426758945), '621': np.float64(0.5064856711915536), '622': np.float64(0.7545616593744936), '623': np.float64(0.7601747434725186), '624': np.float64(0.7898039215686273), '625': np.float64(0.719327731092437), '626': np.float64(0.7456475583864118), '627': np.float64(0.4273109243697479), '628': np.float64(0.40810457516339876), '629': np.float64(0.796279141577891), '630': np.float64(0.7884456464578168), '631': np.float64(0.7675381263616559), '632': np.float64(0.7354061624649858), '633': np.float64(0.7434046345811052), '634': np.float64(0.3989106753812637), '635': np.float64(0.7458737341090282), '636': np.float64(0.7071233556713826), '637': np.float64(0.6773039215686275), '638': np.float64(0.7648431372549019), '639': np.float64(0.7976422470828823), '640': np.float64(0.7907239819004526), '641': np.float64(0.585594237695078), '642': np.float64(0.6149509803921568), '643': np.float64(0.6564791133844842), '644': np.float64(0.7982972136222912), '645': np.float64(0.7235582468281431), '646': np.float64(0.7541081484496913), '647': np.float64(0.4624649859943978), '648': np.float64(0.3515406162464986), '649': np.float64(0.7860130718954249), '650': np.float64(0.5482352941176468), '651': np.float64(0.586330532212885), '652': np.float64(0.3473389355742297), '653': np.float64(0.7001508295625942), '654': np.float64(0.5837104072398188), '655': np.float64(0.7360294117647059), '656': np.float64(0.43622782446311864), '657': np.float64(0.5700351935646053), '658': np.float64(0.4238235294117647), '659': np.float64(0.4557598039215686), '660': np.float64(0.6945723216822962), '661': np.float64(0.7499108734402852), '662': np.float64(0.7976931949250289), '663': np.float64(0.746266968325792), '664': np.float64(0.38740970072239417), '665': np.float64(0.6899676375404529), '666': np.float64(0.4910485933503834), '667': np.float64(0.6035294117647058), '668': np.float64(0.6526101349630762), '669': np.float64(0.630080738177624), '670': np.float64(0.7384348429637343), '671': np.float64(0.7598393574297189), '672': np.float64(0.5251540616246498), '673': np.float64(0.4965309200603318), '674': np.float64(0.6615105301379811), '675': np.float64(0.5126850740296117), '676': np.float64(0.771900571252123), '677': np.float64(0.7087635054021609), '678': np.float64(0.6510665804783452), '679': np.float64(0.6410830999066293), '680': np.float64(0.41568627450980394), '681': np.float64(0.5610149942329872), '682': np.float64(0.4437182280319536), '683': np.float64(0.5055555555555554), '684': np.float64(0.7702725157859756), '685': np.float64(0.7242369112593491), '686': np.float64(0.7546278726544382), '687': np.float64(0.39821746880570413), '688': np.float64(0.47266435986159167), '689': np.float64(0.6281862745098039), '690': np.float64(0.5435150206871738), '691': np.float64(0.6915032679738563), '692': np.float64(0.6394117647058823), '693': np.float64(0.7941466241669081), '694': np.float64(0.5891021671826626), '695': np.float64(0.8097030812324929), '696': np.float64(0.6927058823529412), '697': np.float64(0.7516206482593039), '698': np.float64(0.47924273157538877), '699': np.float64(0.7796876834566164), '700': np.float64(0.5818243819266837), '701': np.float64(0.3764705882352941), '702': np.float64(0.8018853695324284), '703': np.float64(0.7216254617789145), '704': np.float64(0.4313725490196079), '705': np.float64(0.7628045157456923), '706': np.float64(0.44458204334365325), '707': np.float64(0.8074887786439878), '708': np.float64(0.5221605623381427), '709': np.float64(0.5478282452221396), '710': np.float64(0.5363499245852186), '711': np.float64(0.4164124909222949), '712': np.float64(0.671969069317868), '713': np.float64(0.7680833098789756), '714': np.float64(0.8274509803921569), '715': np.float64(0.594047619047619), '716': np.float64(0.4604323780794367), '717': np.float64(0.575376196990424), '718': np.float64(0.7943468296409474), '719': np.float64(0.4610021786492375), '720': np.float64(0.6124387254901961), '721': np.float64(0.6563958916900094), '722': np.float64(0.5958645276292335), '723': np.float64(0.6731868651074888), '724': np.float64(0.7684535883318845), '725': np.float64(0.7266145619086797), '726': np.float64(0.7641155386885937), '727': np.float64(0.5066365007541477), '728': np.float64(0.7571587125416204), '729': np.float64(0.7560513860716701), '730': np.float64(0.5263305322128852), '731': np.float64(0.39843137254901956), '732': np.float64(0.6195594287097557), '733': np.float64(0.7797794117647059), '734': np.float64(0.5214680744092508), '735': np.float64(0.5418988648090813), '736': np.float64(0.49725490196078415), '737': np.float64(0.5000933706816059), '738': np.float64(0.7720217498764211), '739': np.float64(0.6873543620346688), '740': np.float64(0.8094251336898395), '741': np.float64(0.5113445378151261), '742': np.float64(0.4384894698620189), '743': np.float64(0.5314542483660131), '744': np.float64(0.37540106951871655), '745': np.float64(0.6558186911128087), '746': np.float64(0.6372549019607843), '747': np.float64(0.48109243697479), '748': np.float64(0.5057734204793026), '749': np.float64(0.4203921568627451), '750': np.float64(0.45557809330628807), '751': np.float64(0.6204301075268818), '752': np.float64(0.7272549019607844), '753': np.float64(0.4163054695562436), '754': np.float64(0.8124306326304106), '755': np.float64(0.4468805704099822), '756': np.float64(0.7781287011448874), '757': np.float64(0.8072790760139673), '758': np.float64(0.47036414565826323), '759': np.float64(0.7758764111705289), '760': np.float64(0.5440576230492197), '761': np.float64(0.3931372549019608), '762': np.float64(0.4754901960784314), '763': np.float64(0.5056603773584903), '764': np.float64(0.5228758169934641), '765': np.float64(0.39264705882352935), '766': np.float64(0.46386554621848736), '767': np.float64(0.7789508965979555), '768': np.float64(0.7832277526395174), '769': np.float64(0.683256090314914), '770': np.float64(0.5365525314603454), '771': np.float64(0.7739577384351799), '772': np.float64(0.772164552095348), '773': np.float64(0.550802139037433), '774': np.float64(0.7459869281045751), '775': np.float64(0.5343137254901961), '776': np.float64(0.5095238095238094), '777': np.float64(0.6248710010319918), '778': np.float64(0.798968008255934), '779': np.float64(0.5212590299277605), '780': np.float64(0.46489811610918874), '781': np.float64(0.5056999544003647), '782': np.float64(0.48095238095238096), '783': np.float64(0.47058823529411736), '784': np.float64(0.699094346258683), '785': np.float64(0.5319073083778965), '786': np.float64(0.6361064425770309), '787': np.float64(0.8039735099337749), '788': np.float64(0.5185434173669465), '789': np.float64(0.44066811909949166), '790': np.float64(0.4394335511982571), '791': np.float64(0.6300788356579745), '792': np.float64(0.6067736185383246), '793': np.float64(0.7511262356182141), '794': np.float64(0.625272331154684), '795': np.float64(0.603781512605042), '796': np.float64(0.4087481146304676), '797': np.float64(0.7995518207282915), '798': np.float64(0.7859728506787331), '799': np.float64(0.44598930481283433), '800': np.float64(0.7919618676199761), '801': np.float64(0.3935483870967743), '802': np.float64(0.8082496413199427), '803': np.float64(0.6934468524251807), '804': np.float64(0.7817762399077278), '805': np.float64(0.649229011993147), '806': np.float64(0.44821222606689737), '807': np.float64(0.5098039215686273), '808': np.float64(0.4551755585955311), '809': np.float64(0.789348513598988), '810': np.float64(0.6008714596949891), '811': np.float64(0.7853968253968254), '812': np.float64(0.44535947712418306), '813': np.float64(0.4312572087658593), '814': np.float64(0.7741913859560919), '815': np.float64(0.7090270070292268), '816': np.float64(0.3892156862745098), '817': np.float64(0.4620689655172414), '818': np.float64(0.7258426966292135), '819': np.float64(0.7710898312813498), '820': np.float64(0.5840120663650075), '821': np.float64(0.609653092006033), '822': np.float64(0.6675070028011204), '823': np.float64(0.7728194726166326), '824': np.float64(0.4368917937545389), '825': np.float64(0.4089869281045752), '826': np.float64(0.5189158016147635), '827': np.float64(0.5645276292335116), '828': np.float64(0.6315315315315314), '829': np.float64(0.7620575502928444), '830': np.float64(0.4272941176470588), '831': np.float64(0.5781297134238309), '832': np.float64(0.5322829131652661), '833': np.float64(0.5755718954248367), '834': np.float64(0.7312071816678479), '835': np.float64(0.7846140257904964), '836': np.float64(0.7682045367166473), '837': np.float64(0.47958477508650516), '838': np.float64(0.7558246828143022), '839': np.float64(0.4190196078431373), '840': np.float64(0.7384287048152595), '841': np.float64(0.6252493980048162), '842': np.float64(0.537525354969574), '843': np.float64(0.811334944936879), '844': np.float64(0.5715858273133815), '845': np.float64(0.43031674208144793), '846': np.float64(0.5488648090815275), '847': np.float64(0.7049910873440286), '848': np.float64(0.7675123129820648), '849': np.float64(0.6044598231449442), '850': np.float64(0.7460120890461448), '851': np.float64(0.36764705882352944), '852': np.float64(0.7801573323940356), '853': np.float64(0.741628959276018), '854': np.float64(0.7654105392156862), '855': np.float64(0.8028807731623456), '856': np.float64(0.5970370370370368), '857': np.float64(0.7227856659905342), '858': np.float64(0.47767457860337115), '859': np.float64(0.660211161387632), '860': np.float64(0.7865455125139487), '861': np.float64(0.43446852425180593), '862': np.float64(0.4267285861713107), '863': np.float64(0.6151053013798111), '864': np.float64(0.6386869354483367), '865': np.float64(0.4871865025079798), '866': np.float64(0.7665266106442576), '867': np.float64(0.48843137254901964), '868': np.float64(0.7154879929499891), '869': np.float64(0.7276844070961719), '870': np.float64(0.7644128915934191), '871': np.float64(0.528827701293283), '872': np.float64(0.5657657657657658), '873': np.float64(0.7867743175701654), '874': np.float64(0.7732456140350877), '875': np.float64(0.7846422338568936), '876': np.float64(0.6361387631975868), '877': np.float64(0.4428571428571428), '878': np.float64(0.6372549019607844), '879': np.float64(0.45264408793820565), '880': np.float64(0.5097285067873302), '881': np.float64(0.4985864113087094), '882': np.float64(0.6668746286393346), '883': np.float64(0.7529411764705882), '884': np.float64(0.7896581641506161), '885': np.float64(0.4898500576701268), '886': np.float64(0.8132549019607844), '887': np.float64(0.7775725986597171), '888': np.float64(0.6040068201193519), '889': np.float64(0.7417236662106703), '890': np.float64(0.8358624609263996), '891': np.float64(0.5574789915966386), '892': np.float64(0.4613725490196079), '893': np.float64(0.75359477124183), '894': np.float64(0.4615016738402678), '895': np.float64(0.80524064171123), '896': np.float64(0.6253968253968253), '897': np.float64(0.6261119081779053), '898': np.float64(0.7413701282982328), '899': np.float64(0.4453159041394336), '900': np.float64(0.7760748336031661), '901': np.float64(0.4162464985994398), '902': np.float64(0.46429308565531463), '903': np.float64(0.8121403350612275), '904': np.float64(0.5088935574229693), '905': np.float64(0.8087316176470589), '906': np.float64(0.504643962848297), '907': np.float64(0.7741948592908667), '908': np.float64(0.7285684166139573), '909': np.float64(0.5002904865649962), '910': np.float64(0.5948663101604277), '911': np.float64(0.7750092489826119), '912': np.float64(0.5374416433239962), '913': np.float64(0.44664602683178534), '914': np.float64(0.5135902636916836), '915': np.float64(0.5485768500948768), '916': np.float64(0.5739787581699347), '917': np.float64(0.8362669098647211), '918': np.float64(0.7703111679454391), '919': np.float64(0.7881283422459892), '920': np.float64(0.812920536635707), '921': np.float64(0.7782757547463431), '922': np.float64(0.7832690453230473), '923': np.float64(0.6222426470588236), '924': np.float64(0.37516339869281035), '925': np.float64(0.5419878296146045), '926': np.float64(0.6763398692810457), '927': np.float64(0.5375052148518981), '928': np.float64(0.4369532428355959), '929': np.float64(0.7471936922917316), '930': np.float64(0.3794117647058823), '931': np.float64(0.6546712802768166), '932': np.float64(0.7858600350709389), '933': np.float64(0.6517043740573153), '934': np.float64(0.7187543252595154), '935': np.float64(0.798797385620915), '936': np.float64(0.7272841051314142), '937': np.float64(0.5863305322128851), '938': np.float64(0.767126603727911), '939': np.float64(0.6121212121212121), '940': np.float64(0.5016227180527383), '941': np.float64(0.451593137254902), '942': np.float64(0.4171701112877583), '943': np.float64(0.5337461300309597), '944': np.float64(0.5055363321799308), '945': np.float64(0.5491978609625668), '946': np.float64(0.6368191721132898), '947': np.float64(0.6794494720965308), '948': np.float64(0.7842021361390086), '949': np.float64(0.7587215232913974), '950': np.float64(0.609440813362382), '951': np.float64(0.4976547481737792), '952': np.float64(0.6727071473750791), '953': np.float64(0.48966930055604335), '954': np.float64(0.6538737446197991), '955': np.float64(0.7674418604651163), '956': np.float64(0.7891365241748873), '957': np.float64(0.7103699211643418), '958': np.float64(0.6169323804288069), '959': np.float64(0.7143790849673203), '960': np.float64(0.5379679144385027), '961': np.float64(0.41078431372549024), '962': np.float64(0.6548552754435107), '963': np.float64(0.45009803921568625), '964': np.float64(0.6638868205510052), '965': np.float64(0.6473340213278294), '966': np.float64(0.5777540106951872), '967': np.float64(0.4152805949966194), '968': np.float64(0.6560700876095119), '969': np.float64(0.35490196078431374), '970': np.float64(0.3878618113912231), '971': np.float64(0.8114823529411764), '972': np.float64(0.41904761904761906), '973': np.float64(0.7331026528258362), '974': np.float64(0.6943043884220353), '975': np.float64(0.5244631185807656), '976': np.float64(0.556470588235294), '977': np.float64(0.4561085972850679)}",193032,91086,64451.26666666665,0.6361064425770309,"[np.float64(0.3918003565062388), np.float64(0.8015070008619577)]",47.186994902399604,23.593497451199802,0.7075869690914811,3
2026-04-30 13:05:43.710502,206,"[  1   2   3   4   5   6   7   8   9  10  11  12  13  14  15  16  17  18
  19  20  21  22  23  24  25  26  27  28  29  30  31  32  33  34  35  36
  37  38  39  40  41  42  43  44  45  46  47  48  49  50  51  52  53  54
  55  56  57  58  59  60  61  62  63  64  65  66  67  68  69  70  71  72
  73  74  75  76  77  78  79  80  81  82  83  84  85  86  87  88  89  90
  91  92  93  94  95  96  97  98  99 100 101 102 103 104 105 106 107 108
 109 110 111 112 113 114 115 116 117 118 119 120 121 122 123 124 125 126
 127 128 129 130 131 132 133 134 135 136 137 138 139 140 141 142 143 144
 145 146 147 148 149 150 151 152 153 154 155 156 157 158 159 160 161 162
 163 164 165 166 167 168 169 170 171 172 173 174 175 176 177 178 179 180
 181 182 183 184 185 186 187 188 189 190 191 192 193 194 195 196 197 198
 199 200 201 202 203 204 205 206]","{'1': np.float64(0.1858369794198671), '2': np.float64(0.5025326797385622), '3': np.float64(0.44504827311635314), '4': np.float64(0.191640866873065), '5': np.float64(0.5219360401904547), '6': np.float64(0.47383307305222977), '7': np.float64(0.443203722166833), '8': np.float64(0.5447203243903793), '9': np.float64(0.5125329236172081), '10': np.float64(0.423931623931624), '11': np.float64(0.11300150829562594), '12': np.float64(0.16285283344106874), '13': np.float64(0.32113863089095285), '14': np.float64(0.4897111532785157), '15': np.float64(0.20382473977245216), '16': np.float64(0.4956130312046998), '17': np.float64(0.309322974472808), '18': np.float64(0.11696504688832056), '19': np.float64(0.5208884637865987), '20': np.float64(0.1347494553376906), '21': np.float64(0.17193214364397444), '22': np.float64(0.2580339518357678), '23': np.float64(0.49560550507465856), '24': np.float64(0.503454172366621), '25': np.float64(0.5716975120919859), '26': np.float64(0.19889086947910478), '27': np.float64(0.42810192903072164), '28': np.float64(0.24681589449939265), '29': np.float64(0.3053921568627451), '30': np.float64(0.2871241830065359), '31': np.float64(0.5851446521761159), '32': np.float64(0.2758680057388809), '33': np.float64(0.1524453459544737), '34': np.float64(0.24200671259494783), '35': np.float64(0.4552650689905592), '36': np.float64(0.49666412019353207), '37': np.float64(0.5284657722738217), '38': np.float64(0.27776544580096185), '39': np.float64(0.11064425770308126), '40': np.float64(0.24488017429193898), '41': np.float64(0.17170567151591815), '42': np.float64(0.44648366013071894), '43': np.float64(0.5875741867628278), '44': np.float64(0.11764705882352942), '45': np.float64(0.5479073500745328), '46': np.float64(0.5563657970075083), '47': np.float64(0.2954364046503557), '48': np.float64(0.5477687626774849), '49': np.float64(0.4663249532178016), '50': np.float64(0.5630025747672806), '51': np.float64(0.3831812939079376), '52': np.float64(0.5191840838899663), '53': np.float64(0.3166851646318905), '54': np.float64(0.5608355091383812), '55': np.float64(0.557479775126834), '56': np.float64(0.1630718954248366), '57': np.float64(0.15673758865248225), '58': np.float64(0.5064834693001288), '59': np.float64(0.19729307652264444), '60': np.float64(0.23775379974474997), '61': np.float64(0.2753297682709447), '62': np.float64(0.503921568627451), '63': np.float64(0.5575744888702813), '64': np.float64(0.555543779073191), '65': np.float64(0.3246940881615804), '66': np.float64(0.3471314451706608), '67': np.float64(0.3573409851745577), '68': np.float64(0.34969893469198715), '69': np.float64(0.12300653594771242), '70': np.float64(0.22050136510300317), '71': np.float64(0.520953805250914), '72': np.float64(0.24877450980392155), '73': np.float64(0.5528243085313597), '74': np.float64(0.1560396998305495), '75': np.float64(0.3511606941627226), '76': np.float64(0.1745482506728181), '77': np.float64(0.51593707250342), '78': np.float64(0.5262543252595155), '79': np.float64(0.33117448999801946), '80': np.float64(0.22592223330009967), '81': np.float64(0.213000852514919), '82': np.float64(0.263802599691562), '83': np.float64(0.26242668007373887), '84': np.float64(0.2278129713423831), '85': np.float64(0.10808823529411765), '86': np.float64(0.2046653144016227), '87': np.float64(0.23279857397504455), '88': np.float64(0.12916666666666668), '89': np.float64(0.24613610149942328), '90': np.float64(0.565957906098219), '91': np.float64(0.3359672227099795), '92': np.float64(0.19555555555555557), '93': np.float64(0.13631372549019607), '94': np.float64(0.17091503267973854), '95': np.float64(0.2426330532212885), '96': np.float64(0.33664596273291925), '97': np.float64(0.17180710121886592), '98': np.float64(0.24227941176470588), '99': np.float64(0.5001997472585707), '100': np.float64(0.45296686360133576), '101': np.float64(0.11636129861780774), '102': np.float64(0.12173913043478259), '103': np.float64(0.49866742813630305), '104': np.float64(0.40904780212738684), '105': np.float64(0.17816550348953136), '106': np.float64(0.21129582267689684), '107': np.float64(0.26773783587509076), '108': np.float64(0.20355392156862745), '109': np.float64(0.13739250085999313), '110': np.float64(0.28631412160823916), '111': np.float64(0.2515032679738562), '112': np.float64(0.4814679179064622), '113': np.float64(0.5348473566641846), '114': np.float64(0.14880174291938997), '115': np.float64(0.17753267973856204), '116': np.float64(0.3578639966624948), '117': np.float64(0.27492093611638213), '118': np.float64(0.14470588235294116), '119': np.float64(0.3497342862378596), '120': np.float64(0.25030106530801294), '121': np.float64(0.28221534227726175), '122': np.float64(0.3662625355485706), '123': np.float64(0.15919583023082645), '124': np.float64(0.1660699062233589), '125': np.float64(0.4696545284780579), '126': np.float64(0.5551470588235293), '127': np.float64(0.2844861021331609), '128': np.float64(0.10326797385620916), '129': np.float64(0.4268050749711649), '130': np.float64(0.4846376811594203), '131': np.float64(0.12888888888888886), '132': np.float64(0.09166666666666667), '133': np.float64(0.11732026143790851), '134': np.float64(0.5527058823529413), '135': np.float64(0.5162901146617817), '136': np.float64(0.39418920853012734), '137': np.float64(0.14254445964432283), '138': np.float64(0.14035420619860844), '139': np.float64(0.3616310160427807), '140': np.float64(0.48793586400077277), '141': np.float64(0.17105711849957372), '142': np.float64(0.4664505172147599), '143': np.float64(0.17975836799366213), '144': np.float64(0.20329985652797702), '145': np.float64(0.3886300253142832), '146': np.float64(0.13747105141269103), '147': np.float64(0.5216410256410258), '148': np.float64(0.14002040122407347), '149': np.float64(0.21155984781972487), '150': np.float64(0.10140056022408961), '151': np.float64(0.17087872185911396), '152': np.float64(0.09584313725490196), '153': np.float64(0.11468587434973988), '154': np.float64(0.4388093550673281), '155': np.float64(0.21185661764705882), '156': np.float64(0.49176053400083436), '157': np.float64(0.32605237899355544), '158': np.float64(0.12835356364768127), '159': np.float64(0.10413943355119826), '160': np.float64(0.43883903844023486), '161': np.float64(0.3738680926916221), '162': np.float64(0.44195309496347557), '163': np.float64(0.1955594002306805), '164': np.float64(0.11258169934640522), '165': np.float64(0.22078122587617724), '166': np.float64(0.45900032144005143), '167': np.float64(0.47064856711915537), '168': np.float64(0.5289643843277061), '169': np.float64(0.14461455815202792), '170': np.float64(0.2445632798573975), '171': np.float64(0.2379084967320261), '172': np.float64(0.12958226768968453), '173': np.float64(0.21556058320764201), '174': np.float64(0.45481283422459895), '175': np.float64(0.1646562422437329), '176': np.float64(0.34829339143064636), '177': np.float64(0.43522650439486144), '178': np.float64(0.3576809140922556), '179': np.float64(0.12250233426704013), '180': np.float64(0.15592903828197946), '181': np.float64(0.11417550626808097), '182': np.float64(0.14446552814674254), '183': np.float64(0.3116202270381837), '184': np.float64(0.11422969187675067), '185': np.float64(0.4717567026810724), '186': np.float64(0.15938080495356033), '187': np.float64(0.23297318927571029), '188': np.float64(0.09019607843137255), '189': np.float64(0.5252250759458713), '190': np.float64(0.2470098039215686), '191': np.float64(0.3155382907880133), '192': np.float64(0.20215686274509803), '193': np.float64(0.12015018773466829), '194': np.float64(0.31622718052738347), '195': np.float64(0.09647058823529413), '196': np.float64(0.12378079436902958), '197': np.float64(0.2632247143461701), '198': np.float64(0.20398053958425472), '199': np.float64(0.08270944741532978), '200': np.float64(0.17487610428786898), '201': np.float64(0.10441176470588236), '202': np.float64(0.10180995475113123), '203': np.float64(0.4515756302521008), '204': np.float64(0.21360665478312538), '205': np.float64(0.12490196078431373), '206': np.float64(0.12078431372549019)}",152118,35070,13845.709803921574,0.2628256972099545,"[np.float64(0.10872724089635855), np.float64(0.5545663712504869)]",23.054470871297283,11.527235435648642,0.3948021044745245,4
